﻿<?xml version="1.0" encoding="utf-8"?><bwFonts xmlns:xsi="http://www.w3.org/2001/XMLSchema-instance" xmlns:xsd="http://www.w3.org/2001/XMLSchema" fontfactoryurl="story_content/FontFactory.swf"><font id="00" name="Sylfaen Charset1 6FhJso63fsY"><glyphs><g i="0" c="384" p="#^zIzx%rIQx%OHQxCHGxCHBxFHCwkHgw5H0wuG$v%nw$v%ewzvtwhv7FHj%pBoisA2isAFhsAlhJAOg%0C8e%dCZd%XCZd%ZCae%rCwflCLflCWflCfgMCqg%gH8i%gHki%ByTt%uHTtbITtpIiuzIBuzIov" /><g i="1" c="385" p="#^ZPTv%RP$v%7M$v%7MXuILcvBKMvxJlwqIlwIGlwJFLudF2vSDMvPClwHBlwkAlwrzqvyyuuyy_s%yyzmyysmqysm%Cwemvwemvw6m%vwylvwqlBwql%BzWkKzUkRzUk%sAUk%zA0l%zAmszAWuJCWueDWucEBu4FhujF5uiFWtiFxt%iFzmiFsm9Fsm%lDemdDemdD6m%dDyldDqljDql%jGWktGUkzGUk%cHUkkHUkkH0l%kHmskHWuwJWuyKWu$L6u%$Lzm$LsmSLsm%3KemXJemXJ6m%XJylXJql2Kql%2NWkbNUkiNUk%UNUk0OUk0O0l%0OOu%dOXu%RP6vZP6vZPfv" /><g i="2" c="386" p="#^CJTvCJ$vwJ$v%GF$vxF$vxFTv%xFTueF5v1EJvSCowJBlwgAjwpzpvyyuuyy_s%yyzmyysmqysm%Cwemvwemvw6m%vwylvwqlBwql%BzWkKzUkRzUk%sAUkzAUkzA0l%zAlsBAWuOCWuRDWuxF_t%xFzmxFsmqFsm%DDemuDemuD6m%uDyluDqlBDql%BGWkJGUkRGUk%rHUkzHUkzH0l%zHRuzHZuHHZu%vJ9vCJ9vCJiv" /><g i="3" c="387" p="#^OPTvOPXvGP$v%cK$v4K$v4KTv%4Kfv4K6vcK6v%NLXuRLXuULQu%UL5pULgmCJgmOIgmfH7n%fHRv%4H$v%lF$v%dFTv%dF3vSEivPDUv1DlwKBlweAlwozmvyynuyyLs%yyzmyysmqysm%Cwemvwemvw6m%vwylvwqlBwql%BzWkKzUkRzUk%sAUkzAUkzA0l%zAgsAAqt8BauIBWuECWuJDWudFcu%dF0l%jFUk%7HUkfHUkfH0l%fH6m%PIhlNJNkzKNk8MNk1NRlWNVmWNSo%WNQuWNXu2OXu%GP6vOP6vOPfv" /><g i="4" c="388" p="#^TITvTISvKI$v%_E$v%_ETucEkvpDNviClwfBlweAlwwzFvHyTuHyut%Hy0gHyUfzyUf%CwIfvwIfvwzf%vw_evwSeBwSe%KzmeRzleYzle%zAleHAleHAte%HAdlOAklRAkl%HHklQHklQHsl%QHgmQHomHHom%PAom%HAwm%HAZsHAUu7CUuLCUu_E0u%_EUp%7FLp%RGLp%0HUp%0HTu5HXu8HXu%KI6vTI6vTIfv" /><g i="5" c="389" p="%^EFACwFHCyyHCyyzm#yysmqysmCwem#vwemvw6mvwyl#vwqlBwqlzzWk#JzUkPzUkpAUk#yAUkyA0lyADBrFDBEFOB" /></glyphs></font><font id="10" name="SylfaenBold Charset1 6XGJfzpRSxP"><glyphs><g i="0" c="384" p="#^EO8pEOyrhNRs_L4uGJ4uSE4uSElp%SExk%SBxk%SByuSBruJBru%HDDu3EDu3E_u%3EDv3E$vID$v%gx$vVw$vVwDv%Vw_uVwDuhxDu%nzrudzrudzyu%dzrgdzAgkzAg%gxngWwngWw$f%WwmfWw0fix0f%XD0fjE0fjEmf%jE$fjEngYDng%LBAgSBAgSBrg%SBWi%lHWi%lHnplHusFJusZLusZLbp%ZL9j%gMWi%gOWiEOWiEOij" /><g i="1" c="385" p="#^rJKv%aJ$v%9F$v%9FPu1EKv_DKv1DlwJBlwfAlwhzlvkylukyNs%kyrl%fzFj%gzNjryGjxxXiuw5iuw_guwMflx_edyceAzce%hAce%xAke%jBQf%aBag%GAng%oAlg1AbgGzbgmzbg7zqgRyFgRy1hRyEhuz4iZzqiuAxi%JBNi%JBmj%PAtl%PAbsOAsuHCsuBDsu9FFt%9Fvm9FDmgFDm%uDqm9Dqm9D3m%9Dvl9D8ltD8l%oGFkzGDkHGDk%hHDkFHDkFH_k%FHyu%BHvu%2JEurJEurJ0v" /><g i="2" c="386" p="#^4KIv%PJ$v%PH$v%PHaBPH2BGH2B%hJdBFJdBFJAB%FJbCFJzCiJzC%WDzCyDzCyDbC%yDAByDdBWDdB%tF2BkF2BkFaB%kF_okFqmfDqmsCqmYAanYAan_A8n%_ABu_AuuRAuu%oCEuMCEuMC0v%MCDvMC$voC$v%Vw$vxw$vxwDv%xw0vxwEuVwEu%EyuuvyuuvyBu%vyvmvyDmByDm%Qwqmuwqmuw3m%uwvluw8lPw8l%KzFkUzDk0ADk%CADk_ADk_A_k%_ANl%hCXk4DwkmEwkMFwkLGxlPHFmPHuo%PHsu%VJsu%4KPu" /><g i="3" c="387" p="#^LJDvLJ$voJ$v%0E$vED$vEDDv%ED0vEDEu0EEu%zFuuqFuuqFBu%qF_oqFRnSE5nlEqmjDqmcCqm_A8n%_AaB_A2BRA2B%oCdBMCdBMCAB%MCbCMCzCoCzC%VwzCxwzCxwbC%xwABxwdBVwdB%Ey2Bvy2BvyaB%vyvmvyDmByDm%Qwqmuwqmuw3m%uwvluw8lPw8l%KzFkUzDk0ADk%CADk_ADk_A_k%_ANlXACllCYkbDwkgEwkQFwkSGDlVHKmVHgo%VHBuVHuuNHuu%nJEuLJEuLJ0v" /><g i="4" c="388" p="#^LJDvLJ$voJ$v%0E$vED$vEDDv%ED0vEDEu0EEu%zFuuqFuuqFBu%qF_oqFRnSE5nlEqmjDqmcCqm_A8n%_ABu_AuuRAuu%oCEuMCEuMC0v%MCDvMC$voC$v%Vw$vxw$vxwDv%xw0vxwEuVwEu%EyuuvyuuvyBu%vyvmvyDmByDm%Qwqmuwqmuw3m%uwvluw8lPw8l%KzFkUzDk0ADk%CADk_ADk_A_k%_ANlXACllCYkbDwkgEwkQFwkSGDlVHKmVHgo%VHBuVHuuNHuu%nJEuLJEuLJ0v" /><g i="5" c="389" p="#^ZFDvZF$vAF$v%vy$v%vyvmvyDmByDm%Qwqmuwqmuw3m%uwvluw8lPw8l%KzFkUzDk0ADk%CADk_ADk_A_k%_Auu%CFuu%ZFJu" /><g i="6" c="390" p="#^4K1h%TJkh%kJkh%_IehFIkgVHkgSGkgSGshSGViBHQk%BHvu%BHvu%1JEupJEupJ0v%pJKv%8J$v%6F$v%6FUubF3vVDJvLCjwHBlwgAmwgznvgyougy_s%gyvmgyDmmyDm%Pwqmuwqmuw3m%uwvluw8lQw8l%tzFkEzDkNzDk%oADkLADkLA_k%LAbsLAsuGCsusDsu5FHt%5Feh5F_f_F7fXGcepIceWIceJJwe%QJLe" /><g i="7" c="391" p="#" /><g i="8" c="392" p="#^TIDvDISvRI$v%PE$v%PEUuxEevBDNvuClwpBlwiAlwIzGvEyLuEyht%Ey4gEybgKybg%Qw0guw0guwDf%uw3fuwJePwJe%Szee_zce7Ace%KAce5Bce5Bye%5B4l3B2l$A2l%IH2l5I2l5Ipl%5Icm5IAmIHAm%4BAm%5Bzm%5BNs5BrufCruQCruPEFt%PEGp%4Fnp%ZGnp%iHFp%iHyueHuu9Huu%KIEu7JEu7J0v" /><g i="9" c="393" p="#^JINpJIvs2HeukF$vwC$vJB$v_ANv%_Alx%nHlx%JHFx%JHFy%oHVy%_AVy%_ACA_AuAQAuA%JCFA6DFA6D0B%6DDB6D$BLC$B%Vw$Bxw$BxwDB%xw0BxwFAVwFA%EyuAvyuAvyCA%vyVy%VwVy%AwFy%AwEx%Xwlx%vylx%vyvmvyDmByDm%Qwqmuwqmuw3m%uwvluw8lPw8l%KzFkUzDk0ADk%CADk_ADk_A_k%_ATlfCwkgEwkjGwkzHamJIGnJINp^1Gtq1GPonFNnDEDmcDDm$BDm_Afn_Afn_Abn%_A$tpBsuJCsuiEsuaFot1Gls1Gtq" /><g i="10" c="394" p="#^4QKv%PP$v%PL$v%PLZuNLavLKIvAJlwqIlwBGlwIFMuqF0v4ELv0DlwQBlwnAlwrzmvvymuvyOs%vyvmvyDmByDm%Qwqmuwqmuw3m%uwvluw8lPw8l%KzFkUzDk0ADk%JADk%_AUk%_Abs_AsuRCsuiDsucE8u1FSt8FNt6FLt6Flt%6Fvm6FDmdFDm%qDqm4Dqm4D3m%4Dvl4D8lpD8l%kGFkvGDkCGDk%eHDkBHDkBH_k%BHbsBHsuvJsusKsuHLMt%HLvmHLDmMLDm%0KqmGJqmGJ3m%GJvlGJ8l$J8l%WMFk5NDkcNDk%ONDkaODkaO_k%aOsu%dOuu%HPEu4QEu4Q0v" /><g i="11" c="395" p="#^$ODvLOSvZO$v%0L$v%0LUu5L4v_JGvNInwxHlw$Fiw4Fkv9Emu9EOs%9EYo9EtmBCtmNBtm7BLm%7BaB7B2BZA2B%VCdBiDdBiDAB%iDbCiDzCXCzC%SwzCuwzCuwbC%uwABuwdBTwdB%Ny2BEy2BEyaB%Ey4gEybgKybg%Qw0guw0guwDf%uw3fuwJePwJe%Szee_zce7Ace%RAce%5Bte%5Bjl%4CLkzCwkzDwkeFwk2GSlEGRmEGdo%EG9sEGdt8HRtFHsuBIsuzJsu0LEt%0Lvm0LDm6LDm%kJqm_Iqm_I3m%_Ivl_I8ljJ8l%eMFkoMDkwMDk%7NDkvNDkvN_k%vNvu%SOEufPEufP0v" /><g i="12" c="396" p="#^lQbClQzC_PzC%VJzCwJzCwJbC%wJABwJdBWJdB%HL3B%JL2B%IL2B%IL0v%TKFvGJlwGIlwAGlwJFOuMFTukEHvfDlwMBlwlAlwrzqvvysuvyWs%vyvmvyDmByDm%Qwqmuwqmuw3m%uwvluw8lPw8l%KzFkUzDk0ADk%CADk_ADk_A_k%_Abs_AsuSCsukDsueE8u2FSt9FPt5FNt5F2t%5Fvm5FDmbFDm%rDqm6Dqm6D3m%6Dvl6D8lqD8l%lGFkwGDkDGDk%cHDkAHDkAH_k%AHrsBHuuyJsunKsuHLNt%HLvmHLDmMLDm%0KqmGJqmGJ3m%GJvlGJ8l$J8l%WMFk5NDkcNDk%ONDkaODkaO_k%aObBaO2B0O2B%YPdBlQdBlQAB" /><g i="13" c="397" p="#^WPDvWPTvBP$v%aK$vPJ$vPJDv%PJ0vPJEubKEu%KLuuDLuuBLyu%BL_oBLsmBJsmSIsmxHbn%xHJv%cH$v%iF$v%2FKv%2F4v6Ffv1ESvcDlwTBlwiAlwozjvvyguvyzs%vyvmvyDmByDm%Qwqmuwqmuw3m%uwvluw8lPw8l%KzFkUzDk0ADk%CADk_ADk_A_k%_Als_A8ttBOtZBsuMCsuMDsu2FRt%2FVk%fFDk%9HDkxHDkxH_k%xHPl%BI5lIJwkwKwkcMwk8NEl4OLm4OLo%4OBu4OuuXNuu%xPEuWPEuWP0v" /><g i="14" c="398" p="#^RJDvRJ$vvJ$v%KF$vmF$vmFDv%mFUuqF5vbEJv2DnwPBlwjAiwpzlvvynuvyOs%vyvmvyDmByDm%Qwqmuwqmuw3m%uwvluw8lPw8l%KzFkUzDk0ADk%CADk_ADk_A_k%_Aps$AsuVCsuTDsumFEt%mFvmmFDmsFDm%HDqmlDqmlD3m%lDvllD8lGD8l%BGFkLGDkUGDk%tHDkRHDkRH_k%RHCuRHvuIHvu%tJHuRJHuRJ3v" /><g i="15" c="399" p="%^ZFjCGFzCvyzCvyvm#vyDmByDmQwqm#uwqmuw3muwvl#uw8lPw8lIzFk#TzDk_zDkAADk#YADkYA_kYA1BBF1BZFkB" /><g i="16" c="400" p="#^NJDvNJ$vpJ$v%1E$vGD$vGDDv%GD0vGDEu2EEu%AFuutFuutFBu%tF_otFPn9FenrEqmvDqmFCqm4Bbn7Ban7B5n%7BBu7Buu_Auu%xCEuWCEuWC0v%WCDvWC$vxC$v%3x$vGw$vGwDv%Gw0vGwEu3xEu%NyuuEyuuEyBu%Ey4gEybgKybg%Qw0guw0guwDf%uw3fuwJePwJe%Szee_zce7Ace%LAce7Bce7Bye%7BNl%oCXkaDwkjEwkSFwkSGwlXHzmXHgo%XHBuXHuuPHuu%oJEuNJEuNJ0v" /><g i="17" c="401" p="#^YHxx$HECfCECiAECXyCBnxpAnxey%Ax_x%Ozfx%6Atx%jA9ygAgyeAky1AKy1A5z1ATzLAtAuB4BtC4BLD4BCEeAtFoztFZx%tFavrElwiClwEzlwbyIuNw8tNwvqNw$nnyim0AwkCCwk$EwkgGjl%EGMk%SGDk%JHDk%YHYk^tFyt%tFRmxE3mRC3mgB3mkArntzIotzwqtzksfAvt6BOuCCOulEOutFyt" /><g i="18" c="403" p="#^KJDvKJ$vmJ$v%_D$vDD$vDDDv%DD0vDDEu$DEu%xFuupFuupFBu%pF_opFSn8FfnpEmmpDmmfCmm7B$m%7BaB7B2BZA2B%VCdBiDdBiDAB%iDbCiDzCXCzC%SwzCuwzCuwbC%uwABuwdBTwdB%Ny2BEy2BEyaB%Ey4gEybgKybg%Qw0guw0guwDf%uw3fuwJePwJe%Szee_zce7Ace%KAce5Bce5Bye%5BJl3ByluCVkjDwkmEwkIFwkKGtlUHymUHgo%UHBuUHuuMHuu%lJEuKJEuKJ0v" /><g i="19" c="404" p="#^izSkpASkQATlYAbmYAxmYAcnsAGnXzaoizaoCyao7yHnExcnExxmExRl6ymlBySkizSk^iz1tpA1tQA1uYAluYAHuYAnvsARvXzlwizlwCylw7ySvExnvExHuEx$t6ywtBy1tiz1t" /><g i="20" c="405" p="#^_I0fmJ0fmJmf%mJcjmJBj_IBj%4IBjJHBjJHij%dHwgdHDglHDg%KBDgSBDgSBug%SBymSBrmKBrm%6Frm$Erm$Eym%eFzkeFfkCFfk%hGfkEGfkEGCk%EGXpEGjqhGjq%CFjqeFjqeF_p%$EUn$E$n6F$n%KB$nSB$nSBTn%SBvuSBnuKBnu%HHnuzHnuzHvu%3IMr3ItrqItr%lJtrIJtrIJPr%IJDvIJ$vlJ$v%gx$vVw$vVwDv%Vw_uVwDuhxDu%nzrudzrudzyu%dzughzAgkzAg%fxngVwngVw$f%VwmfVw0fgx0f" /><g i="21" c="406" p="#^UzFk3ADk5ADk%NADk9BDk9B_k%9BNlTBYkyDBk4EtkHEtk5Itk5Igo%5IBu5IuuYHuu%yJEuWJEuWJ0v%WJDvWJ$vyJ$v%bE$vPD$vPDDv%PD0vPDEucEEu%KFuuCFuuCFBu%CF_oCFLn8FUmJEAmzDAmaCAm7B7n6B7n9B2n%9BBu9Buu0Buu%yCEuXCEuXC0v%XCDvXC$vzC$v%4x$vIw$vIwDv%Iw0vIwEu5xEu%OyuuFyuuFyBu%FyvmFyDmMyDm%$wqmFwqmFw3m%FwvlFw8lZw8l" /><g i="22" c="407" p="#^UxrmUxAm$xAm%BwAmewAmewdm%ew6mewXlnwPl%wzEiIzsiUzsi%0AsinAsinAQi%nA4lnAZkeAZk%vDZkSDZkSDkl%SDcmSDAmvDAm%eAAmnAAmnArm%nA_snAvuHBvuLCvumD$tvDStJDUtPDVtYD$t%iEGukE_u8E7v9DOvrC1wuBlwvAlwozlwEyFvUxYuUxRt" /><g i="23" c="408" p="#^YB5meA5mJz2oyzFowz_o%0E_o7E5mYB5m^uzqqxz5snAdtjBuu5DuuzEuuOFIt_FAtfGHthGLtkGNt%IGruKGLuyGUunElw9ClwFzlwcyNuNwgtNwMqNwdo9ytmFzwkbCwkpEwkAFPlJG2nJGgpJGEpGG2qGGqqiGqq" /><g i="24" c="409" p="#^XDwkmEwkYEMkzF0lRFhlWFllZFvl0GJlUFSl%IEznyENnnENndENn7EHnFDdn7DdnrCdnVBRn%bBGo9BJo9BNo%9BBu9Bvu3Buu%7DFuuDHuuD0v%uDDvuD$v5D$v%4x$vIw$vIwDv%Iw0vIwEu5xEu%OyuuFyuuFyBu%FyvmFyDmMyDm%$wqmFwqmFw3m%FwvlFw8lZw8l%UzFk3ADk5ADk%NADk9BDk9B_k%9B$m%0CAlVCwkXDwk" /><g i="25" c="410" p="#^zBSkXBSkXBdl%XBRlXBbmCBbm%lAkmoAkmtAjm%6D_s%RF9mUFkmXFkm%GEbmlEbmlERl%lEdllESkKESk%GISk2JSk2Jdl%2JPl2JbmHIbm%mHkmqHjmsHgm%3DBwDAjCJyjCAyjCpydC%dx2B3xPAaxyA%tx3ACxWzNxWzSyWzqzCz3A1zTAPx6BgxJBSvLBQvIBIv%KxjmMxmmQxmm%pwbm5wbm5wRl%5wdl5wSkswSk" /><g i="26" c="411" p="#^eC3mNA3m4AhnwzhowzXpwzfteBpuRBOuJCOuqFOuqFTqqFVoMEEnXD3meC3m^xCwkeFwkJG6m9IFn9Ilq9IXsCGDu$ElwqClwLzlwfyKuNwatNwvqNwTnkydmVzwkxCwk" /><g i="27" c="412" p="#^WERuuDlwtBlwYzlw$ytv$xyu$x2t%$xvm$xDm6yDm%kwqm$vqm$v3m%$vvl$v8ljw8l%ezFkgzEkozDk%7ADkuADkuA_k%uAbsuAeuxCeuFDeuREwtREwtREzt%REvmREDmXEDm%aDqmQCqmQC3m%QCvlQC8laD8l%3GFk6GEkhGDk%YGDkkHDkkH_k%kHzukHsubHsu%YIEulJEulJ0v%lJAvlJVv1JXv%oFbw$EcwZERv" /><g i="28" c="413" p="#^FCUqIBZq2BarWAcrwAlrpzJrpz$spzkuKAku8BkuFB9u2C0uGCHtFCItFCLt^VCWuEBlwJzlwGxlwYwEuJw5uJwttJwirWyhqzz$p4AUpHBypFCtp%FCOnFC8m2B8m1A8mkzumkzumjzym%ZyioZyEoByEo%QxEotxEotxho%txzltxllMxdlKzwkwBwk7EwkWE7mdFKmdFDn%dFfudFbu9Fau%IGDuYGMu_GWu%_GqvTGLvFGLv%rDbw1Dbw1DSv" /><g i="29" c="414" p="#^Zw8l%UzFk3ADkbADk%NADk9BDk9B_k%9BNlACtksEtkpGtkcH1mOIAkYKAklOAklOno%lOBulOuucOuu%OPEubQEubQ0v%bQDvbQ$vOP$v%zK$vbK$vbKDv%bK0vbKEuzKEu%_LuuSLuuSLBu%SL5pSLHmSJHmwIHmFHenLHtnLHdo%LHBuLHuuCHuu%1JEupJEupJ0v%pJDvpJ$v1J$v%ZD$vBD$vBDDv%BD0vBDEuZDEu%oFuufFuufFBu%fF_ofFAmmDAmcCAm7B7n7B7n9B5n%9BBu9Buu0Buu%rCEuPCEuPC0v%PCDvPC$vrC$v%4x$vIw$vIwDv%Iw0vIwEu5xEu%OyuuFyuuFyBu%FyvmFyDmMyDm%$wqmFwqmFw3m%FwvlFw8lZw8l" /><g i="30" c="415" p="#^JzTepATeRAjfiBLfiBqgiB5hRAxhpAZhJzZh2zZhByyh8y6h8yqg8yLfByjf2zTeJzTe^1x$vFw$vFwDv%Fw0vFwEu2xEu%LyuuCyuuCyBu%CyvmCyDmJyDm%XwqmCwqmCw3m%CwvlCw8lWw8l%RzFkTzEk1ADk%KADk5BDk5B_k%5BBu5BuuYAuu%yCEuXCEuXC0v%XCDvXC$vzC$v" /><g i="31" c="416" p="#^PzeeVzce_zce%IAce4Bce4Bye%4BNlGCtkBEtk0Itk0Igo%0IBu0IuuTHuu%tJEuRJEuRJ0v%RJDvRJ$vuJ$v%6E$vKD$vKDDv%KD0vKDEu6EEu%FFuuxFuuxFBu%xF_oxFAmvDAmGCAmGBUmhB$m3B7n4B6n4B2n%4BBu4BuuXAuu%uCEuSCEuSC0v%SCDvSC$vuC$v%$w$vDw$vDwDv%Dw0vDwEu$wEu%KyuuByuuByBu%By4gBybgHybg%Nw0grw0grwDf%rw3frwJeMwJe" /><g i="32" c="417" p="#^Pw$vrw$vrwDv%rw0vrwEuQwEu%KyuuByuuByBu%BytmEyAmJyAm%VwAmxwAmxwcm%xwBlxwelVwel%Jy0lBy0lBy7l%By0kBy6jFyqiKyKhUych2zGgizggzzRfWzvfuAXerBAepCceLDce5EcexEfeZEiepFoeSFtehGBeJGIe2HQebHUefH$ekH6fkHcf%kHWhkHgiYGgi%2GgiWFgiOFbiGF5iGFYh%kFfgkFeghFcgcF8g0F4gQE0gAEZfkEVf3ETfODQfzDQfSCQfoC0gWBcgDBAglBXgcBxh4B7i4BZi%4B4l4BZkYAZk%TDZkbEZkmEYkyEXkQEWk%QGLkTGLkVGKkYGJk2HJk%EHJk0IJk0I4l%0IBu0IuuTHuu%tJEuRJEuRJ0v%RJDvRJ$vuJ$v%3E$vHD$vHDDv%HD0vHDEu3EEu%FFuuxFuuxFBu%xFrmxFAmFFAm%YAAm4BAm4Brm%4BBu4BuuXAuu%BCEu$CEu$C0v%$CDv$C$vCC$v%Pw$v" /><g i="33" c="418" p="#^By4gBybgHybg%Nw$frw$frwDf%rw1fxwJeMwJe%PzeeVzce_zce%IAce4Bce4Bye%4BBu4Bvu$Auu%VCFufDHufD0v%fDDvfD$vUC$v%Pw$vrw$vrwDv%rw0vrwEuQwEu%KyuuByuuByBu" /><g i="34" c="419" p="#^xEwmoEnmXDgmgD6mOC6m8B6mjA1nuzBouznquz0s_zVsQAeuiCeuvDeuvECtyEAtxEDt^LFeeRFceWFce%DGce0Hce0Hye%0Hzu0HsuTGsu%DIEu1JEu1J0v%1JAv1JVvIIXv%3FbwHEcwEERv%CEWu9DlwfBlwazlwVxFuNw8tNw3rNwioNylmdAwk_CwkKDwkxEKk%xE4gxEbgDEbg%JC0gmC0gmCDf%mC3fmCJeICJe" /><g i="35" c="420" p="#^QAlueBLuzCLuXELuEFcsTFprTFtqTFQofFPnxEDm2DDmWBDmKAjnQAgnQAbn^AzeeFzceLzce%sAceQAceQAye%QATl2Cwk6EwkaGwkqH9mAIGnAINpAIzsyGwu9FlwnClwnBlw7A0w3zLvlybv%ly4glybgrybg%xw0gbw0gbwDf%bw3fbwJewwJe" /><g i="36" c="421" p="#^_EPn0FLn1FLn1FOn$EJn%qEimsEmmwEmm%dDbmVCbmVCRl%VCdlVCSkhDSk%cISkAISkAIdl%AIRlAIbmfIbm%_Gkm1Hkm6Hhm%AJGs%1Mcm5Mkm8Mkm%TKbmzKbmzKRl%zKdlzKSkXKSk%TOSkfPSkfPdl%fPPlfPbmUObm%zNkmDNjmFNfm%FJ0wBJewlJew%JIewtIewoI0w%MFep%YC$vTCewCCew%2CewOBewJB0w%KximMxmmQxmm%pwbm5wbm5wRl%5wdl5wSkswSk%jBSkiBcliBRkXBRkXBdl%XBRlXBbmCBbm%lAkmoAkmtAim%ZCGs" /><g i="37" c="422" p="#^QIlx%CINx%JHNxoHvxoHixrHrwaHbw$G0wxG$v%qw$v%ewhvuwXuYEOj%tBEimAfimAHhmAkhEAKg%XB6e%fCQd%hDQd%kDie%OCGfJCSfJC_fJC9gECdg%yH$h%yHqi%2zqt%wHqtmIqtEIZtQIkuQI9v" /><g i="38" c="423" p="#^iCxuSCEtCDpsEEHqEEjpEE5o2EanlD3m4C3mrz3mrzaprzdq_zQqIArrrB3skCRskC9ukCquiCxu^nHfpnHUqMFPs5E9ufDmv%_AGxDz3zDz1ADz1B_C1B%OG1B%eHhB%eH8C%0HzC%KBzCszzCDyoCWw2CWwFAWwIzcyeyqy_x6Aww%_Asv$Akv$Abv$AAuEAbuqAYtKzytkyJsQx9sNw0rNwjpNw3njyLlMzwk2CwkJEwk8GZlnHfnnHfp" /><g i="39" c="424" p="#^VJHv%EJ$v%sF$v%9FIv%9FUu%hEov4DlwEBlwiAlwmzovnypunyTs%ny4gnybgtybg%Iw0gmw0gmwDf%mw3fmwJeHwJe%CzdeNzceUzce%uAceSAceSAye%SAbsSAsuMCsuKDsu9FGt%9FCm%aFDm%rDqm6Dqm6D3m%6Dvl6D8lqD8l%lGFkwGDkDGDk%hHDkFHDkFH_k%FHuu%LJuu%VJRu" /></glyphs></font><font id="20" name="ArialItalic Charset1 6fqIFLM8M91"><glyphs><g i="0" c="888" p="#^Jxcq%3A_p%1ABq1AErvAvs_Amt4CRtaDjuHEjuQGjuYHnt5Jqs5Jdr5JnquIGpTH_o9FPn2DVmhCqm4BDlvAHkXzLjXzziXzbhHA4grBYeUCnemEOdbGOdnIOdTJxenLff2MugKMIhKMPiKMWiJMaj%qKmjqKCihKai1KqhwJVg0Jog6I5gdHNf6GNf9ENf4DFgfCkhfCrifC5jACDjWC8kPDEksE_kQG1mLIUmuJnnsK1o_KYowLTpwL2rwLvsDKKtKJYuaIDvCGiwCEiwzBiwEzZuJxEtJxcq" /><g i="1" c="889" p="#^MvZA%CA5e%PC5e%lBYkECJjGDejIEKiQFKipHKijIAjdJpkdJPldJumQIko%eH$v%1F$v%GG7o1Hom1H_l1HllBGYk9GykjFyk8Eyk1DblXBPlkBUmJAZncAqq%ZxZA" /><g i="2" c="896" p="#^cFxuiDiwABiwGziwtySuhxpthx0rhxGoayMm3zSkxAOj0CKiGDKiSEKiQFojOG2koHol%UH1j%OJ1j%uH6u%RJ6u%tJ$v%5H$v%3GZA%SDZA^eCuuZDuugFpsAGkqAGXnAGpmNFul_EykLDykWBykHAAmszBoszJqszvscAvtYAuueCuu" /><g i="3" c="897" p="#^MvZA%xz1j%xB1j%3BglrCUjzDjjHEKiPFKilHKigIAjbJqkbJSlbJdm6JOm2JmnTI8o%dH$v%0F$v%JGMn_GAm_G$l_GklxGXk5GykfFykiDyk2CYlPAlniAYp%_xZA" /><g i="4" c="898" p="#^ZQ1j%fO$v%2M$v%vMStlL9voKKvsJiwbIiwZGiw9GFvmF0v5FSt6E4v1DHvZBiwLAiw7ziwjyxvvxMuvxmtvx2tzxzsEx4sNxnr%xz1j%KB1j%YzCrRz7sNzvsKzTsKz6tKzLt5A7usAuubBuucCuugDRtlEbtTEesqFgrQFjp%9H1j%mJ1j%xHNrrHesnHyskHSskH3tkHHtJH5u6IuuFIuu1KuupLotOMistN9p%LO1j" /><g i="5" c="899" p="#^WJ1j%cH$v%9F$v%FFFtwEXujDDv7CiwXAiwoziwtyrvzxAuzx9tzxOsExfsJxHrUxTq%9A_f%Nx_f%ay5e%MC5e%0AfrMzssMz0tMzHtcA5uFAuuvBuuhDuuBE5tVFIroGmp%JH1j" /><g i="6" c="907" p="#^NvZA%xz1j%xB1j%3Bgl%4BgluCTjADjjHEKiPFKinHKihIBjbJrkbJSlbJdm6JMm2JjnTI8o%dH$v%0F$v%JGMn_GAm_G$l_GklxGXk5GykfFykqDyk8CTlTAcnnAyp%ly4z%SG4z%tGZA" /><g i="7" c="909" p="#" /><g i="8" c="930" p="#^Qw$v%xz1j%yB1j%4BhloCYjxDljHEKiUFKiuHKioIBjiJskiJUliJCmYI9o%cH$v%0F$v%QGMn5Hzm5H$l5HllEGYkbGykkFykCDykfCMlVA_mhAYp%0z$v" /><g i="9" c="1328" p="%^Ow$vyz1jLB1jpz6uoF6u$E$v" /><g i="10" c="1367" p="#^XIPn%eH$v%eF$v%IFLt%HFLthE8vaDJv3CiwYAiwoziwuyrvAxAuAx9tAxOsExfsJxIrUxTq%zA5e%NC5e%KB1j%dK1j%QJWk%lBWk%1AfrNzssNz0tNzHtdA5uGAuuwBuuoDuuEE8tVFNruG3p%JGPn" /><g i="11" c="1368" p="#^KxTq%_zFqZz7rZzdrZz1snARsNAFtuB5ubCxuZCxu_Dxu2FQt6G6tMGMrrHpqrH4prHAnyGHmFFNldENlfDNloCfmxBImPAEn%Tyvn%zBle%iKle%TJng%4Dng%KBWkuCnkhD6k5EQjXEQj_GQjiIblDJxmDJUoDJYqJIHsPHqueGmvFEiwPCiwhBiw5ABvVyUujyGtKxssKxerKx6rKxTq" /><g i="12" c="1376" p="#^XJ1j%cGZA%1EZA%uFYt%tFYtjE5vdDIv7CiwXAiwoziwtyrvzxAuzx9tzxOsExfsJxIrUxTq%zA5e%NC5e%0AfrMzssMz0tMzHtcA5uFAuuvBuuiDuuAE9tTFQrmGAp%JH1j" /><g i="13" c="1416" p="#^nN5e%ZM_f%zK_f%dH$v%bF$v%GFFttEZuiDEv7CiwXAiwoziwtyrvzxAuzx9tzxOsExfsJxIrUxTq%xz1j%KB1j%0AfrMzssMz0tMzHtcA5uFAuuvBuukDuuDE4tWFGrpGkp%MI5e" /><g i="14" c="1419" p="#^mJ1j%VI9l3KSj$KijYLKidNKiDOKisPwjiQikiQFliQ1mdQvm8QZmZPQn%fO$v%2M$v%TNenZNNm0Otm4O9m4OYl4OhlKNWkpNykKMykmLyk_JElCIKmYHKp%FG$v%rE$v%UEStKD9vOCKvSBiwAAiw9ziwkywvvxJuvxmtvx_sAxwsFx2sQxcr%yz1j%LB1j%WzNrQzesNzysKzSsKz3tKzKt3A6uoAuu3BuusCuuQDntdFfsTF9p%9H1j" /><g i="15" c="1420" p="%^Czxl8A1jEC1j7Cxl^qx$vYxvtsAvtVz$v" /><g i="16" c="1424" p="#^LM5e%9P5e%KMrpuMFq3MDrELBs5LltyLHt4M_tDMhukNwu%9MpwjL6wJKHv8KfvGJOuCIBvmHYv6GiwMEiwVBiwaATusyrtsySqsyWpHyTo%_A5e%oD5e%1B9pRA0qRAKqRAwsUBqtYCjuPEjuXFjuMG5uBHStdIptLH1t9HJsAGpsNFds%NGfqGHzqiI0rXIsrtJWrNJmr$JGqdK_poK9p" /><g i="17" c="1480" p="#^YK5e%zG4z%$I4z%CIZA%ZDZA%tFYt%rFYtrE0vhDFv7CiwXAiwoziwtyrvzxAuzx9tzxOsExfsJxIrUxTq%xz1j%KB1j%0AfrMzssMz0tMzHtcA5uFAuuvBuugDuuzE9tTFPrmGzp%LI5e" /><g i="18" c="1481" p="#^Fynx%FyyxFyvybzXyKznz2Bnz1CnzLC6zuDRyWDkyuEDx_Eiv%cFeuuD$vyB$vxz$vpyFuhxithxJqhxKo8ySm$yZkuASjZBKiHDKiYEKiPFljGGXjmH8l%OH1j%QJ1j%cHxvCGvybFRzNDbB7BbBUybBDxgAmwmzmwQxmwGxowvx%qwax^_BbuYDbufFbsyGaqyG$nyGqmOFtl3FwkMDwkZBwkJAwmtzvotzJqtzss2AktDAbu_Bbu" /><g i="19" c="1482" p="#^nxir%xz1rMzVsBAJtrBxuOCxuqExuCFmtPGbsPGGqPGmpVFvo0FEnwDEnlDEnPCHn%bDQlwDUlODUlHFUlIGZkKH2kKHIiKHthUGEg2GOfREOfFDOfICFgMBvhvB4j%kzEiSzrgnBefVC1e$E1ecH1ezImfXJHgXJDiXJ1kbJ5lsI8m_GRm1IsnyIlo4Jdp4Jmq4JMsgHxutFiwZCiwxAiw1zXuxxztnxir" /><g i="20" c="1483" p="#^GC4z%gCZA%bxZA6wZAuvnASuOzSuOySuNxTvIwUwEv0z0u9BosMBAr5ANqpzgqJyKpiy3pUxooUxrnUxnmpyMkXy8jZy1j%fB1jLAsktAvlbAxmbAbnbA1odBTogCJp1FUqbEasJCxtfBTuaztw6x3y6xDy6xPygxXyrx4zIx4z" /><g i="21" c="1484" p="#^3Ltu%dAtu%Vz$v%ux$v%Oxtu%dwtu%Gwms%fyms%9ApjGAXgGCnfGEOdoHOdYJOduLaf0Nxg0NSi0NQl$KPn$IOpKFOpgEOpeDppcC$oxBgo%GAms%wLms^oHNf8FNfLDchnCCinCMknC9mfD_m8EOnPFOn$HOnkJqmGK2lGK1jGKyhOJGgXINfoHNf" /><g i="22" c="1485" p="#^vA9gYA9gfBRfzBwfzB4fzBLejBAe4BpeDApeHzpe3zffsy4gsybhsyHhEyci%bxci2xPh2xjh2xwfbykelz7dUA7dSB7doCAdWC0eWCPeWCXf8CEgmBlhfAlh" /><g i="23" c="1486" p="#^Rw$v%zz1j%zB1j%4Bgl%6BglwCTjCDjjIEKiRFKioHKiiIBjdJrkdJSldJdm8JMm3JjnUI8o%BG4z%$I4z%CIZA%_DZA%MGMn0HAm0H$l0HklzGXk7GykhFykoDyk8CUlUAenjAYp%3z$v" /><g i="24" c="1487" p="#^Az$v%ax$v%AzIkiAfhfCxfcEOdrHOdlKOdZLcfBNBgBNajBNGjxNdkuNLklNml%5L$v%HI$v%2LWkfLWjfLajfLNfrHNf9FNfPD1huChiXBWk" /><g i="25" c="1515" p="#^2xAr%gzrrgzosyz3tRzKtDAaupBBusCBuWDBuFE$toFptoFCsoF2sXExruE0rKCgq_AwpvAcpHzIogz1oSylnSytmSyWk4AQjiBKiuDKiWFKibHSjtI_kxIRm%nG_mjGOlxF7lLErkkDrkbCrkyBZkWAulWA5mWAImtBanQBunmD9oUFfpyGUpCHVqCHmsCHkt0HfuqGavcFKv$DiwlCiw6AiwxyavZw3u2xAr" /><g i="26" c="1516" p="#^vM5e%VO5e%vMnpKLTsOJBuSHiwEEiwKBiw5AVutyvttyVqtyWpKyJo%_A5e%oD5e%1B9pQA9qQAVqQADsPBttPCjuEEjuTGjucI5tyJTr8K9p" /><g i="27" c="1517" p="#^AFnuqEnvmDRviCiw4Biwhziwbyev5xau5xxs5xrrAxCq4yMpUygpJzLoVAxoEBooJDjoOFdoIGSnZGYmZGmmZGBlpG9lDFyk9EykMCykTBal_ANlBAWm%nyJm2zNkxAMj0CKigEKiGGKi4ITj9JKk9J5m9J8nRIvo%7IKrOHgtOHeuOHRu3I$v%QF$vEFmvAFnu^nGqpWFCpoFIpSEOpCDVpGB4qTAlq4ACqGzbrhzMrhzsshzotWz$tzABuLBBuRCBuSD0uUEqttFos2GlrnGqp" /><g i="28" c="1518" p="#^uKzn%UMzn%vMnpLLTsPJBuTHiwEEiwKBiw5AVutyvttyVqtyWpKyJo%_A5e%oD5e%lC1j%dO1j%LN8l%UB8l%1B9pQA9qQAWqQAjuEEjuTGjucI5tyJTr8K9p" /><g i="29" c="1519" p="#^OFEttDiw0BiwwziwByrvGxzuGxjtGxvs7ywq%Qz1j%1C1j%8AprVztsVz2tVzJtmA6uPAuuHBuuDCuuxD1urEAt4FPsKF2s8G$qqGkqNGFo%0I1j%dK1j%lH$v%jF$v" /><g i="30" c="1525" p="%^Czxl8A1jEC1j7Cxl^qx$vYxvtsAvtVz$v" /><g i="31" c="1526" p="#^APgjAP_jpPQk%2N$v%CK$v%2Nuk9NWj9Nrj9NTh4MVg0LWf8JSf%VGnq%uEnq%JGSfgEZfCCnhYANiMA0l%dyAlxyYh9BTfNDOdQHOdwLOdyNffAPHgAPgj" /><g i="32" c="1527" p="#^PvZA%BA5e%OC5e%kB9lsCQjsDhjtEKiEFKiYGKiRHtjLIckLInlLIFlJI0mHInmDIKm%uIunhIloQHsqoHysoH3toHItHH5u$HuuNIuukKuuDLftWM0snNTp%PO1j%1R1j%jO$v%eM$v%GMPtuLbvrKLvoJiwgIiwRGiw$Fwv9FJu9Fmt9FftaF5tbFXsdFHs%jF4suF4r_FTouGGmuGYluGkl9GXkRFykcFykvDykcCRlWA7nqAtp%0yZA" /><g i="33" c="1528" p="%^1Emj1Cmjozdd4Cdd" /><g i="34" c="1529" p="#^Rw$v%AA5e%MC5e%lBZkyCMjBDfjEEKiLFKikHKicIBj5Jrk5JQl5JwmGIlo%$G$v%PE$v%xG7oVGqmVG_lVGlltGYk1GykdFyk2EykZCalVBOliBUmIA_ncAqq%1z$v" /><g i="35" c="1530" p="#^Qw$v%xz1j%xB1j%3Bgl%4BgluCTjADjjHEKiPFKinHKihIBjbJrkbJSlbJdm6JNm2JknTI8o%DH6u%0K6u%DJ$v%dH$v%bGZA%ZDZA%JGMn_GAm_G$l_GklxGXk5GykfFykmDyk6CUlSAeniAYp%1z$v" /><g i="36" c="1531" p="#^Sx4z%cF4z%OEZA%lxZAuwZAQvqA9vTz9vYy9v_x1wYwWwXvtyPu%pArttDeryEMpDFioDFSmDFNlZEdljEEkbDEk1CEk2Bjl3AZlxz9n%yxQmiyVkPzQjkBKifDKimFKiCGSjSHZkSHOmSHtoPG5qNFJr0EbtfCEuRzgwsxUxsxDysxSyAxZyJx4zSx4z" /><g i="37" c="1532" p="#^Dz$vVzbuSAEr$BAoRDzlHFyiYHng%0zng%szle%TKle%sKngzHWioFYmSCBrXB$v" /><g i="38" c="1533" p="#^By4z%OF4z%oFZA%2yZA5xZAtwpASvSzSv$ySvGxdxAwAyuv4zGuAzRtAzLsAzKrPyzq3yop3y5o3yTlJzjkoBKiSDKibGKisHTjJI0lJI_mJIKoFHqqCG6sGEFtLCcvpADw3y3y3yDy3yQycyYymy4zBy4z^eAMneAyoUAMpzB_qzBXrzBIsdBqtUA8ueAMu1DJsbEArlFqqVFkptGdotGZmtGWlOFhl7FEkRDEkiCEkgBzleAumeAMn" /><g i="39" c="1534" p="#^CH6u%AN6u%bN$v%dF$v%IFLt%GFLtgE8v8DJv1CiwXAiwoziwtyrvzxAuzx9tzxOsExfsJxIrUxTq%zA5e%MC5e%0AfrMzssMz0tMzHtcA5uFAuuvBuujDuuBE8tTFNrnGsp%KH1j%XJ1j" /><g i="40" c="1535" p="#^HxUr%LzHrZzatCAPtgBsu9CsuqDsuwElt6GKrTGJoMFypVEVp2Egq8DgqvBgqcA9pvyKnvy3lvy1itATf9C1eDE1eRG1ejIGfNJjhNJjkNJdnOI3qEHptFF$u2Eiw1CiwbAiw$y8vQx_tHxUr^EAPkEAumxBvnqCvoFDvoAEvouFTnoGfn1H0mHHMkHHtjHHrifHzhQGHg4GfglFOfBEOfSDOf8DbgrCAgQBkheB4iXA3jEA2kEAPk" /><g i="41" c="1536" p="#^sL$v%ax$v%AzIkiAfhfCxfcEOdrHOdlKOdZLcfBNBgBNajBNGjxNdkuNLklNml%6Nxm%IKxm%2LWkfLWjfLajfLNfrHNf9FNfPD1huChiXBWk%1AUt%ULUt" /><g i="42" c="1537" p="%^YAZALvZAzz1jNB1jny4zlB4z" /><g i="43" c="1538" p="#^$BiwLziwuyXudxztdxcrdxhoPy4mqASjHCej%3Aeh%VC5e%uF5e%ZCQg%LF1j%yK1j%8KWk%RHWkmIAlCIomTIbnTIco%TIpoQIbq$H7sbH2uDFav3Eiw$Biw^pzirpzPs5AFtNAuu0CuumDuuoEEtqFOs1GarEGxpEGnoEGnndGxmOFHlUEWk%8EWkOCWkFBUlwARmYznopzUppzir" /><g i="44" c="1539" p="#^NvZA%6wvz%nuvz%MuCx%uwCx%yz1j%AB1j%cBQk%dBQk_BUj3Djj9EKieFKigHKitI1kHJklHJmnHJmpLIcrQH1tjG3uOE4v4D4v0C4v5BzuaA1uEzat%KyCx%TGCx%uGvz%lyvz%2yZA^OCgtAEgt_FAroHUpoHunoH4mDGilSFwkCEwkRCwkwBmmcAcocAtqcALrXAwsHBgtOCgt" /><g i="45" c="1540" p="#^mx$v%Uxvt%oAvt%XzHvwzExEyyyNxtzBwCz%OwEyfyeyJy$v" /><g i="46" c="1541" p="#^EJEnEJ4mMIjlVHyk9Gyk1EyktCLlVAYmtA$o%ZxZA%NvZA%xz1j%wB1j%1Bgl%2BgllC$jPDnjhFKiPGKi9JKivK_jSLdlSLhnSLwnRLMnRL$nPLgo%QNgo%qN9q%yL9qVK3toJHuUHiwIFiwZDiwZCnvZBruZBPsZBPqlDypJEgoTGgo%CJgo%EJXn^MFuu$GuuWHotRIislJ9q%PG9qxF9qQETq7EAr7EPs7ECtAE2u2FuuMFuu" /><g i="47" c="1542" p="%^Pw$vCA5ePC5eNB1jcK1jOJWknBWkqz6upG6u0G$v" /><g i="48" c="1543" p="#^DB8mDABl7AKkDzTjDzUiDzghOAUfmC1e1F1eoH1eLIif6Kyg6Kni6KGjnJJkEIMl4Hom9I3nCIQndJPodJ7qdJxsvHquOFiwZCiwIAiwhzVuSxvtSxqrSxspSy2oTzEmDB8m^OB_iOB7kxCQkgDxlzExl4Gxl1HCk_HHj_Hli_HdheHwgvGOfcFOfdEOfoDfgACHgbCthOBeiOB_i^4ACr4AlsrA1tOAJtxB7ugCxucDxu$Exu6GRs$Gwr$G$p$GLoaGZnmFan2EannCandBpo4ADp4ACr" /><g i="49" c="1544" p="#^JGajgGsjPFKjmF0kWEkkuG7liHmm6IAn6Ibp6IVpXHIq%PG$v%NE$v%gFEt8EWuUCCvFBiwvAiwRyiwZxqv5xyu5xVs5xiqMyOnsAhlED7j%iDTiNCvisC3i8CCh8C2h8CwgoCWfFCjfiDCe%MD5e%kG5e%9FnfPEMfCE5gqEqgqEKgqE1hCElhPEFhfF$h^8Buu0DuuuEIsZFWqZFJoZFMnlFYmJE7mnDvliBdnhA_ogzKqgzwsgzytJz0uaAuu8Buu" /><g i="50" c="1545" p="#^1BDlYBSkTCukOD5kIE5kKG5k3IulpJSmpJdppJfsqHquJFiwgDiw2BiwzzGu5y1t5y0q5ykn1zrkMzeiRAOgXBmf8DIemE1eUF1eJH1eTIaf1KjgcKri%8IEiZHahjHxgGGUfKFUfKEUfKDFgKCqh0CXiiBrk1BDl^gAYqgAtscBvt8CxukDxu9Exu4FVt0GgtFG$rjHJqjHrpjHPnpGRmwFSleESlNCSlwBingAJogAYq" /><g i="51" c="1546" p="#^eLzn%DNzn%fNnpwMTszKBuCIiwoFiwvCiwSAVuezvtezVqezWpuzJo%iBcg%hycg%Ky5e%8E5e%OB9pAB9qABVqABjuoFjuMHju2J5tlKSrUK9p" /><g i="52" c="1547" p="%^9xDqDxqomEqoVDDq" /><g i="53" c="1548" p="#^aHPfREPfjDohOBZixBsl%3z0mpzgiAB2gLDQdlHQdhKQdULjfwNOgwNnjwNQljMjo6LNq3JJsyJat$JIttKeuYKQu%bJuwHISvcIivJHJufHduPFcviEMvNCkwiBkwtzkwtyrvuxxuux3tuxirKydq_z8pZB8pxD8pTEHpeGeqzHkrcJHpaKBn8Lul8Lvj8LNh6KOg5JPfaHPf^JzXsJzBt9AZtBAluhBluqCluzDXtIExtMFQsME0sODArRC7rUB7rRA7rhACrJz5sJzXs" /><g i="54" c="1549" p="#^1B9pRA4qRAUqRACsPBttOCjuJEjuYGjueI6txJUr6K9p%sM5e%QR5e%nRcg%pOcg%qMypKLQsIJzuHHiwLEiwKBiw5AYusyBtsy0rsyxqvy$pzytpHySo%_A5e%oD5e" /></glyphs></font><font id="30" name="Arial Charset1 5XkbUwYStoV"><glyphs><g i="0" c="888" p="#^RO1j%dR1j%dR2pdRGsCPuu$NiwVKiwNHiwbGuuBEGsBE1p%BE8l%oA8l%oA$v%0y$v%0y5e%oA5e%oA1j%ZG1j%ZG9pZGVrTH3tOIduVKdu$MduWN3tROVrRO9p" /><g i="1" c="889" p="#^bI1j%bI$v%cG$v%cG9uMEiw3CiwVziwMy7vExXtExWr%Ex_f%gv_f%gv5e%Rz5e%RzjrRzPsvACtaBouxCouaEou4Fmt_Fks_Frq%_F1j" /><g i="2" c="896" p="#^Ex$v%Ex1j%Dz1j%DzSk2BKiLDKiTFKi1HVjbI4lbI5n%bI6u%zK6u%zK$v%bI$v%bIZA%_FZA%_FIn_FcmjFqlEEEkhDEkEBEkKAGlRzHmRzzo%Rz$v" /><g i="3" c="897" p="#^ExZA%Ex1j%Dz1j%DzSk2BKiLDKiTFKi1HVjbI4lbI5n%bI$v%_F$v%_FIn_FcmjFqlEEEkhDEkEBEkKAGlRzHmRzAo%RzZA" /><g i="4" c="898" p="#^ExZA%Ex5e%Rz5e%RzzkeBKiLDKiTFKi1HVjbI4lbI5n%bI$v%_F$v%_FIn_FcmjFqlEEEkhDEkHBEkNAClUzzmRzno%RzZA" /><g i="5" c="899" p="#" /><g i="6" c="907" p="#^ZM1j%aP1j%aPZA%ZMZA%ZMvukMkvoLPvsKiwgJiwQHiwVGIv_F5vBF0u3EiwBBiwGziwDyevBx9uBxWr%Bx1j%Oz1j%OzbrOz3tmAKtXAou5CouzDoupEptgFpsgFzq%gF1j%tH1j%tHsrtHWs$HFtxIouLJouoLouaMftZM6sZMLp" /><g i="7" c="909" p="#^aP1j%aP$v%cN$v%cNauAM7vzLJvzKiwgJiwQHiwVGIv_F5vBF0u3EiwBBiwGziwDyevBx9uBxWr%Bx1j%Oz1j%OzbrOz3tmAKtXAou5CouzDoupEptgFpsgFzq%gF1j%tH1j%tHsrtHWs$HFtxIouLJouoLouaMftZM6sZMLp%ZM1j" /><g i="8" c="930" p="#^hvazZvlzjwlzfxlzsxEyFxXxFxFw%Fx1j%Sz1j%SzIwSzjz3zhAgygBBwgBGvgBTu1B" /><g i="9" c="1328" p="#^vK_f%7I_f%7I$v%8G$v%8G9uIEiw0CiwSziwJy7vBxXtBxWr%Bx1j%Oz1j%OzjrOzPssACt7BouuCou6Eou0FmtWFksWFrq%WF5e%vK5e" /><g i="10" c="1367" p="#^Ex$v%Ex5e%Rz5e%RzzkeBKiLDKiTFKi1HVjbI4lbI5n%bI$v%_F$v%_FIn_FcmjFqlEEEkhDEkHBEkNAClUzzmRzno%Rz$v" /><g i="11" c="1368" p="#^xzvyxzKyLzVyZz4zdA4z%pH4z%pHZA%CzZAByZAWxlAfxKzfxGyfxyxxyjwQz5vQzJtQz5suyHq9xgp9xtn9xrlFy5k9AKiuCKi7FKiAG7k1Ivl1IVn1IkpdHMqpGbsZEytxDUuxBowxzUxxzvy^mzlnmzko1AbpJA2qcBTqIBIrIBEsIBQtUAMu0E3sUEIqMFkpMF_nMFtmTEzl$DEkuCEk4BEkdAplmz9mmzln" /><g i="12" c="1376" p="#^8xfq%nz2qxzor6AfsHA6tUBFt6DbuEEbu_Fbu0HNt3IntzIGs4JZr4J7r4JiqBIGp6I1p_GCogGkoODKnkB8nlACm3zXlryYkPxYjPxJiPxmhAybglz$ePAoeiCNd5ENd5GNdCHqe7J2fXJigMKyhQK7j%zIijnIBhjHKggGTfcETf2CTf3BFg5Arh5Azi5AwjNA8ktBMklEqleH4mjIzmSJhnCKoomLvpmLXqmLmsxKDtJJUubIBvFGiwLEiwkCiwHABv2zTu6ystbx1s8xfq" /><g i="13" c="1416" p="#^vKZA%WFZA%WFsuvEiw0CiwSziwJy7vBxXtBxWr%Bx1j%Oz1j%OzjrOzPssACt7BouuCou5Eou$EptWFqsWFDq%WF5e%7I5e%7I4z%vK4z" /><g i="14" c="1419" p="#^DCiwUziwnyvuTwIsTwwpTwfnYxzl1zSjVAhj%Oxeh%Zz5e%yC5e%HAIg%6E1j%GI1j%GIWk%BGWkuHRlXH$moI9ooIvpoIKsTGwumFiwDCiw^DCuukEuudFct7GWr7Gvp7GcotF4nQEXlpDWk%FCWk6BWk7Abm8zrn8zvp8zTr1AbtWAuuDCuu" /><g i="15" c="1420" p="%^Ex$vEx5eRz5eRz1jiI1jiIWkRzWkRz6uSG6uSG$v" /><g i="16" c="1424" p="#^1xir%lz5rBzNswAEtsBuuNCuunEuutFhtAG4sAG6qAGeowF9ntE3mLC3mGB3mPAymZz0nuzOn%qxxn%9zke%3Ike%3Iqg%UAqg%XzelyB7kkD7kGF7khHLlVImnVIWpVIlsuH6uMFiwNCiwkAiwNyWufxyt1xir" /><g i="17" c="1480" p="#^2xfr%fzYqDzQsxAFtrBuuLCuuiEuumFptrGksrGLqrGeprFgosEhnWChnjChnnBxn%DBClRBDlZBDlnDDlvEUkDF9kDFEiDFqhOEEg_DRfHCRfpBRfyAFgIzshtz3j%gxGiFxsg4zffwA1eEC1e6E1elFFeAGhfeHngUHshUHGiUHRjgHOkEGLlqFjm$GGmTHQnMIZoMIIqMI1t2HGulFiwKCiwnAiwPyUugxut2xfr" /><g i="18" c="1481" p="#^KJzn%6Mzn%6M1p6MCshKsutIiw3FiwDBiwPzsu0yCs0y1p%0y5e%oA5e%oA1j%hM1j%hM8l%oA8l%oA9poAPrwB0tFCdu3FdusHduBI0tKJPrKJ9p" /><g i="19" c="1482" p="#^Ex$v%Ex1j%Dz1j%DzSk2BKiLDKiTFKi1HVjbI4lbI5n%bI4z%zK4z%zKZA%_FZA%_FIn_FcmjFqlEEEkhDEkEBEkKAGlRzHmRzzo%Rz$v" /><g i="20" c="1483" p="#^KJVkKJjiCI5hvHSf3FSfCCSfvB5hoAjioAVk%oA$v%0y$v%0y1l0ythPzDfDBNd3FNdtINdhKDf6Msh6M1l%6M$v%KJ$v" /><g i="21" c="1484" p="%^Ex$vEx1jRz1jRz6uRF6uRF$v" /><g i="22" c="1485" p="#^bIOn%bI$v%cG$v%cG9uMEiw3CiwVziwMy7vExXtExWr%Ex5e%Rz5e%Rz1j%LI1j%LIWk%RzWk%RzjrRzPsvACtaBouxCouaEou4Fmt_Fks_Frq%_FOn" /><g i="23" c="1486" p="#^ex4x%nzoxwzny7AQyXAszmCszTDszIEQyxFdyQF7x$Frw_FiuyE$vpC$vKz$vgy3uOw7sOwrpOwAntx0m8yrkpzBjHAKipCKiIEKibGBk%bG1j%dI1j%dIeudIgxBHxy_GOzEFxAjEgBmCgB2AgBCydAbxazex4x^3zhp3zQr4A0t5BbuCCbu7Ebu8F0taGRraGlpaGZm6FMl3EykACyk6Byk4AKl3zWm3zhp" /><g i="24" c="1487" p="%^0y$v0y5eoA5eoAUtcJUtcJ$v" /><g i="25" c="1515" p="#^Ex$v%Ex1j%Dz1j%DzSk2BKiLDKiTFKi1HVjbI4lbI5n%bI$v%_F$v%_FIn_FcmjFqlEEEkhDEkEBEkKAGlRzHmRzzo%Rz$v" /><g i="26" c="1516" p="%^gC6tgCcooxcoox9mgC9mgChhlEhhlE9mdJ9mdJcolEcolE6t" /><g i="27" c="1517" p="%^cJtloxtloxqjcJqj^cJVqoxVqoxSocJSo" /><g i="28" c="1518" p="#^rAhm2zNloySkKxXjKxEiKxHg7zmfxA1eTC1edF1eEGof4ILg4IIi4IXjqHSkMGNlqFhm4HQmXH1oPIdpPITqPIatbHKuzFiwVCiwfAiwDyKu0x9t0xPq0x3pUxUnNyJmrAhm^$zzi$zQjOAEkCBslWCslcEsl$EFkPFRjPFHiPFuhZEGg8ERfVCRfEBRfPAFg$zsh$zzi^hzQqhzMrJzEs9Awt1B$tWBuuWCuuvEuuwFttyGssyGUqyGjpuFhorEfnSCfniBfnhAgohzhphzQq" /><g i="29" c="1519" p="%^NwDqNwqoyDqoyDDq" /><g i="30" c="1525" p="%^jF$v6D$v6D_h#jCLi0Bwj#KzgkJyEkJyvi#yAFhWBqg#jDbfUD1ejF1e" /><g i="31" c="1526" p="#^BIUt%BI$v%Lw$vJwcv$wtusxgtsy5sszWqkBnpfE_mgFBliGbkiGXiiGDhmFKgqERfWCRflBRfoAOgrzLhrzrj%axcjoxGgVymfqA1eZC1eyF1e2HsfzITgzI_izI3k6I6lGH8mFGinEFrogDrqiB5sKAHsaAhtPzUt" /><g i="32" c="1527" p="%^4E$v4EJrjwJrjwIpuE6ehG6ehGIpIIIpIIJrhGJrhG$v^4EIp4EEhtyIp" /><g i="33" c="1528" p="#^sIui%gGFiZFmhqFNgxERfdDRfaCRfnBqglAahKzDi8z3k7zMmVzzl2B_kcCoktDokGFokdH$lMICnMIaqMISr1IjtiHLu1GxvMEiw9DiwpAiwGyhuXwfsXwCnXwqiRy4gxA1emD1etF1ePGdfaIogsIui^tzbqtzjrXzmsqAothBXt8Cuu6DuuvEuuvFmtvGesvGjqvGsowFonxEkm0DkmxBkmvAontzsotzbq" /><g i="34" c="1529" p="#^axrg%axke%MIke%MI1g2HRhmFSkHDTnMC3r6CjtXB$v%Gz$vIzTtvAUqiBUnNC6lgEkiYFrg" /><g i="35" c="1530" p="#^mxSr%tzFrKz8tuAPtfBuurCuusDuudE0u_EyttFNsYF$rhGHqCGmpCG$nCGRnCGznXFCoOEgpFDWpkCWp6AWpzyjo1xHm1x3k1xlhDyHfeA1eFC1epE1eRFZeiHVf2IEhPInjPIGmPI6q3I8sjHauRFevnEiwoCiwhAiwYy7vDxYtmxSr^nGYjnG3imFYgmERfXCRfsBRfnA2hizeiiz7kizRljAWmlB_nTC_npE_noFWmnGRlnGYj" /><g i="36" c="1531" p="#^_J5e%mM5e%mM1pmMjq7MkrULkstL6tYLrtzMLtaN2u1Oiu%dNowgM4wyLDvRKaveKHufJzvXHXvDGiwbFiwJBiwSzsu0yBs0y1p%0y5e%oA5e%oA9poAKryB_sJCduaFdumGdubH0u0IPtzInt0I0tnHIsLGosYFcs%EG2qtHiqdIHq_I4rIJFrRJ8rVJwq_JUp_J9p" /><g i="37" c="1532" p="#^bI1j%bIZA%_FZA%_FuuzEkw3CkwVzkwMy9vExZtExYr%Ex5e%Rz5e%RzlrRzRsvAEtaBquxCqu8Equ3Frt_Fss_FGq%_F1j" /><g i="38" c="1533" p="#^TEVfxCVfmB6hcAiicAUk%cAclcAmldAsl%Sx0mPxIlOxplNx6lNxQkNxBhDzJfuBQdTEQdeIQd5KHfZLyhZLGkZLFmeLGowKHq7JqsKJWsmKut$K2uHLHu%dKuwwJNvSIavcIzuyH1uiG5vQEJvnDkwPBkw_zkwQykvHxkuHxLsHx9rRy8q$z7pSB7pbD7pwECpSF5qkH5rmIJpYI1oyJlmyJKkyJfimI4hbHVfTEVf^YzIsYzrttARt$AfuQBfuWCfuVDRtVEqtNFIsHE_rIDCrJCdrRBdr1BdruACrYz_rYzIs" /><g i="39" c="1534" p="#^oA9poAPrwB0tFCdu3FdusHduBI0tKJPrKJ9p%KJ5e%6P5e%6Pcg%6Mcg%6M1p6MCshKsutIiw3FiwDBiwPzsu0yCs0y1p%0y5e%oA5e" /><g i="40" c="1535" p="#^az4z%lG4z%lGZA%yyZAvxZARwlAcwKzcwGycwBxrxlwGy5voAEt6CbsaDEqfE4pfEunfE8mpDolzCEkfBEk6AEkfzjlpyZl7y9n%4wQmAwPkVxNjezKigBKiDDKi3F0kwGilwGpnwGup5FtrHDst4ByvuyDxuyvyuyMyHyWyUy4zaz4z" /></glyphs></font><font id="40" name="Open Sans Charset1 64F7KuEoKFI"><glyphs><g i="0" c="384" p="#^7DUdzFUd_G1fqI9gqI9iqItjBHzkNGEl_Eym9Hzn4IJo$ISp$Imr$IBtrHWuUFfwcDfwlAfwOy$ugxKtgxrrgxno$AFmjzIlAyCkRxvjRx7iRxbghz2fJAUd7DUd^gzvrgzZshAOtiBCu8DCuZECu_FLt$GUs$Gor$Gcq2Ghp5FmoJCvnVAho4Adpgz9qgzvr^5DxfABxfIAggRz_gRzdiRzljzA9khBYkdDMlZE1lHFbkqGljqGdiqG_gxFggFExf5Dxf" /></glyphs></font></bwFonts>